file,branch,month,rows_read,totals_rows_skipped,clean_rows,set_aside_rows
central_2016-01.xlsx,Central,2016-01,21,0,20,1
central_2016-02.xlsx,Central,2016-02,19,0,17,2
central_2016-03.xlsx,Central,2016-03,30,0,30,0
central_2016-04.xlsx,Central,2016-04,21,0,21,0
central_2016-05.xlsx,Central,2016-05,33,0,31,2
central_2016-06.xlsx,Central,2016-06,42,0,42,0
central_2016-07.xlsx,Central,2016-07,34,0,32,2
central_2016-08.xlsx,Central,2016-08,16,0,16,0
central_2016-09.xlsx,Central,2016-09,68,0,68,0
central_2016-10.xlsx,Central,2016-10,32,0,32,0
central_2016-11.xlsx,Central,2016-11,84,0,84,0
central_2016-12.xlsx,Central,2016-12,69,0,68,1
central_2017-01.xlsx,Central,2017-01,13,0,13,0
central_2017-02.xlsx,Central,2017-02,16,0,16,0
central_2017-03.xlsx,Central,2017-03,37,0,37,0
central_2017-04.xlsx,Central,2017-04,51,0,50,1
central_2017-05.xlsx,Central,2017-05,39,0,37,2
central_2017-06.xlsx,Central,2017-06,24,0,24,0
central_2017-07.xlsx,Central,2017-07,34,0,33,1
central_2017-08.xlsx,Central,2017-08,37,0,37,0
central_2017-09.xlsx,Central,2017-09,35,0,34,1
central_2017-10.xlsx,Central,2017-10,39,0,39,0
central_2017-11.xlsx,Central,2017-11,84,0,82,2
central_2017-12.xlsx,Central,2017-12,70,0,68,2
central_2018-01.xlsx,Central,2018-01,15,0,13,2
central_2018-02.xlsx,Central,2018-02,10,0,10,0
central_2018-03.xlsx,Central,2018-03,46,0,45,1
central_2018-04.xlsx,Central,2018-04,31,0,30,1
central_2018-05.xlsx,Central,2018-05,53,0,52,1
central_2018-06.xlsx,Central,2018-06,44,0,43,1
central_2018-07.xlsx,Central,2018-07,50,0,50,0
central_2018-08.xlsx,Central,2018-08,50,0,48,2
central_2018-09.xlsx,Central,2018-09,100,0,98,2
central_2018-10.xlsx,Central,2018-10,51,0,50,1
central_2018-11.xlsx,Central,2018-11,96,0,95,1
central_2018-12.xlsx,Central,2018-12,64,0,61,3
central_2019-01.xlsx,Central,2019-01,61,0,59,2
central_2019-02.xlsx,Central,2019-02,26,0,25,1
central_2019-03.xlsx,Central,2019-03,66,0,63,3
central_2019-04.xlsx,Central,2019-04,36,0,36,0
central_2019-05.xlsx,Central,2019-05,67,0,64,3
central_2019-06.xlsx,Central,2019-06,61,0,60,1
central_2019-07.xlsx,Central,2019-07,53,0,52,1
central_2019-08.xlsx,Central,2019-08,46,0,46,0
central_2019-09.xlsx,Central,2019-09,93,0,88,5
central_2019-10.xlsx,Central,2019-10,68,0,67,1
central_2019-11.xlsx,Central,2019-11,108,0,106,2
central_2019-12.xlsx,Central,2019-12,104,0,100,4
east_2016-01.xlsx,East,2016-01,10,0,10,0
east_2016-02.xlsx,East,2016-02,3,0,3,0
east_2016-03.xlsx,East,2016-03,34,0,33,1
east_2016-04.xlsx,East,2016-04,30,0,29,1
east_2016-05.xlsx,East,2016-05,35,0,35,0
east_2016-06.xlsx,East,2016-06,44,0,44,0
east_2016-07.xlsx,East,2016-07,32,0,30,2
east_2016-08.xlsx,East,2016-08,39,0,38,1
east_2016-09.xlsx,East,2016-09,97,0,95,2
east_2016-10.xlsx,East,2016-10,39,0,38,1
east_2016-11.xlsx,East,2016-11,90,0,87,3
east_2016-12.xlsx,East,2016-12,70,0,69,1
east_2017-01.xlsx,East,2017-01,22,0,22,0
east_2017-02.xlsx,East,2017-02,24,0,24,0
east_2017-03.xlsx,East,2017-03,35,0,33,2
east_2017-04.xlsx,East,2017-04,47,0,45,2
east_2017-05.xlsx,East,2017-05,48,0,48,0
east_2017-06.xlsx,East,2017-06,28,0,27,1
east_2017-07.xlsx,East,2017-07,55,0,52,3
east_2017-08.xlsx,East,2017-08,53,0,52,1
east_2017-09.xlsx,East,2017-09,113,0,108,5
east_2017-10.xlsx,East,2017-10,35,0,35,0
east_2017-11.xlsx,East,2017-11,102,0,99,3
east_2017-12.xlsx,East,2017-12,87,0,84,3
east_2018-01.xlsx,East,2018-01,34,0,33,1
east_2018-02.xlsx,East,2018-02,25,0,25,0
east_2018-03.xlsx,East,2018-03,59,0,59,0
east_2018-04.xlsx,East,2018-04,60,0,60,0
east_2018-05.xlsx,East,2018-05,69,0,67,2
east_2018-06.xlsx,East,2018-06,73,0,73,0
east_2018-07.xlsx,East,2018-07,52,0,51,1
east_2018-08.xlsx,East,2018-08,48,0,43,5
east_2018-09.xlsx,East,2018-09,91,0,91,0
east_2018-10.xlsx,East,2018-10,49,0,46,3
east_2018-11.xlsx,East,2018-11,116,0,112,4
east_2018-12.xlsx,East,2018-12,98,0,94,4
east_2019-01.xlsx,East,2019-01,24,0,24,0
east_2019-02.xlsx,East,2019-02,30,0,30,0
east_2019-03.xlsx,East,2019-03,65,0,62,3
east_2019-04.xlsx,East,2019-04,64,0,64,0
east_2019-05.xlsx,East,2019-05,52,0,51,1
east_2019-06.xlsx,East,2019-06,67,0,64,3
east_2019-07.xlsx,East,2019-07,81,0,80,1
east_2019-08.xlsx,East,2019-08,47,0,47,0
east_2019-09.xlsx,East,2019-09,150,0,146,4
east_2019-10.xlsx,East,2019-10,86,0,83,3
east_2019-11.xlsx,East,2019-11,130,0,128,2
east_2019-12.xlsx,East,2019-12,137,0,132,5
south_2016-01.xlsx,South,2016-01,32,0,31,1
south_2016-02.xlsx,South,2016-02,8,0,8,0
south_2016-03.xlsx,South,2016-03,50,0,50,0
south_2016-04.xlsx,South,2016-04,36,0,35,1
south_2016-05.xlsx,South,2016-05,21,0,20,1
south_2016-06.xlsx,South,2016-06,18,0,17,1
south_2016-07.xlsx,South,2016-07,17,0,16,1
south_2016-08.xlsx,South,2016-08,36,0,36,0
south_2016-09.xlsx,South,2016-09,27,0,26,1
south_2016-10.xlsx,South,2016-10,25,0,24,1
south_2016-11.xlsx,South,2016-11,42,0,41,1
south_2016-12.xlsx,South,2016-12,37,0,37,0
south_2017-01.xlsx,South,2017-01,9,0,8,1
south_2017-02.xlsx,South,2017-02,8,0,8,0
south_2017-03.xlsx,South,2017-03,26,0,24,2
south_2017-04.xlsx,South,2017-04,22,0,21,1
south_2017-05.xlsx,South,2017-05,18,0,17,1
south_2017-06.xlsx,South,2017-06,50,0,49,1
south_2017-07.xlsx,South,2017-07,23,0,22,1
south_2017-08.xlsx,South,2017-08,19,0,18,1
south_2017-09.xlsx,South,2017-09,53,0,51,2
south_2017-10.xlsx,South,2017-10,22,0,22,0
south_2017-11.xlsx,South,2017-11,49,0,47,2
south_2017-12.xlsx,South,2017-12,45,0,43,2
south_2018-01.xlsx,South,2018-01,16,0,15,1
south_2018-02.xlsx,South,2018-02,29,0,28,1
south_2018-03.xlsx,South,2018-03,21,0,21,0
south_2018-04.xlsx,South,2018-04,28,0,28,0
south_2018-05.xlsx,South,2018-05,54,0,53,1
south_2018-06.xlsx,South,2018-06,18,0,18,0
south_2018-07.xlsx,South,2018-07,37,0,35,2
south_2018-08.xlsx,South,2018-08,26,0,25,1
south_2018-09.xlsx,South,2018-09,58,0,57,1
south_2018-10.xlsx,South,2018-10,31,0,31,0
south_2018-11.xlsx,South,2018-11,53,0,53,0
south_2018-12.xlsx,South,2018-12,44,0,42,2
south_2019-01.xlsx,South,2019-01,20,0,20,0
south_2019-02.xlsx,South,2019-02,7,0,7,0
south_2019-03.xlsx,South,2019-03,28,0,27,1
south_2019-04.xlsx,South,2019-04,49,0,48,1
south_2019-05.xlsx,South,2019-05,45,0,43,2
south_2019-06.xlsx,South,2019-06,45,0,45,0
south_2019-07.xlsx,South,2019-07,25,0,25,0
south_2019-08.xlsx,South,2019-08,34,0,33,1
south_2019-09.xlsx,South,2019-09,64,0,63,1
south_2019-10.xlsx,South,2019-10,51,0,51,0
south_2019-11.xlsx,South,2019-11,84,0,83,1
south_2019-12.xlsx,South,2019-12,68,0,66,2
west_2016-01.xlsx,West,2016-01,17,1,16,1
west_2016-02.xlsx,West,2016-02,16,1,16,0
west_2016-03.xlsx,West,2016-03,45,1,44,1
west_2016-04.xlsx,West,2016-04,48,1,47,1
west_2016-05.xlsx,West,2016-05,34,1,33,1
west_2016-06.xlsx,West,2016-06,31,1,31,0
west_2016-07.xlsx,West,2016-07,65,1,63,2
west_2016-08.xlsx,West,2016-08,62,1,61,1
west_2016-09.xlsx,West,2016-09,77,1,77,0
west_2016-10.xlsx,West,2016-10,64,1,63,1
west_2016-11.xlsx,West,2016-11,104,1,102,2
west_2016-12.xlsx,West,2016-12,104,1,102,2
west_2017-01.xlsx,West,2017-01,14,1,14,0
west_2017-02.xlsx,West,2017-02,16,1,15,1
west_2017-03.xlsx,West,2017-03,42,1,39,3
west_2017-04.xlsx,West,2017-04,42,1,42,0
west_2017-05.xlsx,West,2017-05,43,1,43,0
west_2017-06.xlsx,West,2017-06,37,1,36,1
west_2017-07.xlsx,West,2017-07,29,1,27,2
west_2017-08.xlsx,West,2017-08,54,1,52,2
west_2017-09.xlsx,West,2017-09,94,1,89,5
west_2017-10.xlsx,West,2017-10,71,1,70,1
west_2017-11.xlsx,West,2017-11,91,1,89,2
west_2017-12.xlsx,West,2017-12,118,1,114,4
west_2018-01.xlsx,West,2018-01,25,1,24,1
west_2018-02.xlsx,West,2018-02,19,1,19,0
west_2018-03.xlsx,West,2018-03,38,1,36,2
west_2018-04.xlsx,West,2018-04,52,1,51,1
west_2018-05.xlsx,West,2018-05,50,1,47,3
west_2018-06.xlsx,West,2018-06,66,1,64,2
west_2018-07.xlsx,West,2018-07,65,1,63,2
west_2018-08.xlsx,West,2018-08,54,1,52,2
west_2018-09.xlsx,West,2018-09,119,1,113,6
west_2018-10.xlsx,West,2018-10,68,1,66,2
west_2018-11.xlsx,West,2018-11,108,1,108,0
west_2018-12.xlsx,West,2018-12,151,1,147,4
west_2019-01.xlsx,West,2019-01,50,1,49,1
west_2019-02.xlsx,West,2019-02,45,1,45,0
west_2019-03.xlsx,West,2019-03,84,1,81,3
west_2019-04.xlsx,West,2019-04,56,1,53,3
west_2019-05.xlsx,West,2019-05,78,1,78,0
west_2019-06.xlsx,West,2019-06,75,1,73,2
west_2019-07.xlsx,West,2019-07,68,1,68,0
west_2019-08.xlsx,West,2019-08,93,1,89,4
west_2019-09.xlsx,West,2019-09,157,1,151,6
west_2019-10.xlsx,West,2019-10,96,1,94,2
west_2019-11.xlsx,West,2019-11,141,1,139,2
west_2019-12.xlsx,West,2019-12,159,1,156,3
