file,excel_row,branch,reason,order_id,order_date,ship_mode,segment,city,state,product_id,category,sub_category,product_name,quantity,sales,profit
Central_2016-01.xlsx,8,Central,date outside the file's month,CA-2016-135405,2016-02-09 00:00:00,Standard Class,CONSUMER,Laredo,Texas,OFF-AR-10004078,OFFICE SUPPLIES,ART,Newell  312 ,2,$9.34,$1.17
Central_2016-02.xlsx,12,Central,amount not a number,CA-2016-122567,2016-02-16 00:00:00,Standard Class,CONSUMER,Dallas,Texas,OFF-AP-10001303,OFFICE SUPPLIES,APPLIANCES,"Holmes  Cool  Mist  Humidifier  for  the  Whole  House  with  8-Gallon  Output  per  Day,  Extended  Life  Filter ",2,,-$13.93
Central_2016-02.xlsx,16,Central,missing order id,,2016-02-20 00:00:00,Standard Class,CORPORATE,Richmond,Indiana,FUR-FU-10000221,FURNITURE,FURNISHINGS,"Master  Caster  Door  Stop,  Brown ",4,$20.32,$6.91
Central_2016-05.xlsx,23,Central,date outside the file's month,CA-2016-127166,2016-06-21 00:00:00,Second Class,CONSUMER,Houston,Texas,OFF-PA-10001560,OFFICE SUPPLIES,PAPER,"Adams  Telephone  Message  Books,  5  1/4”  x  11” ",1,$4.83,$1.63
Central_2016-05.xlsx,28,Central,quantity missing or below 1,US-2016-130379,2016-05-25 00:00:00,Standard Class,CONSUMER,Chicago,Illinois,OFF-AP-10001394,OFFICE SUPPLIES,APPLIANCES,Harmony  Air  Purifier ,-2,$75.60,-$166.32
Central_2016-07.xlsx,20,Central,duplicate of an earlier row,CA-2016-143903,2016-07-20 00:00:00,Standard Class,HOME OFFICE,Dallas,Texas,FUR-FU-10003724,FURNITURE,FURNISHINGS,Westinghouse  Clip-On  Gooseneck  Lamps ,5,$16.74,-$14.23
Central_2016-07.xlsx,30,Central,duplicate of an earlier row,CA-2016-169019,2016-07-26 00:00:00,Standard Class,CONSUMER,San Antonio,Texas,OFF-BI-10001524,OFFICE SUPPLIES,BINDERS,GBC  Premium  Transparent  Covers  with  Diagonal  Lined  Pattern ,4,$16.78,-$26.85
Central_2016-12.xlsx,25,Central,duplicate of an earlier row,CA-2016-169649,2016-12-09 00:00:00,Standard Class,CORPORATE,Chicago,Illinois,OFF-AP-10003287,OFFICE SUPPLIES,APPLIANCES,Tripp  Lite  TLP810NET  Broadband  Surge  for  Modem/Fax ,2,$20.39,-$53.01
Central_2017-04.xlsx,28,Central,duplicate of an earlier row,US-2017-163433,2017-04-18 00:00:00,Second Class,CORPORATE,Mcallen,Texas,OFF-BI-10003676,OFFICE SUPPLIES,BINDERS,"GBC  Standard  Recycled  Report  Covers,  Clear  Plastic  Sheets ",2,$4.31,-$6.90
Central_2017-05.xlsx,13,Central,duplicate of an earlier row,CA-2017-129217,2017-05-10 00:00:00,Same Day,HOME OFFICE,Aurora,Illinois,OFF-AR-10004602,OFFICE SUPPLIES,ART,Boston  KS  Multi-Size  Manual  Pencil  Sharpener ,2,$36.78,$3.68
Central_2017-05.xlsx,31,Central,quantity missing or below 1,US-2017-152128,2017-05-25 00:00:00,Second Class,HOME OFFICE,Wichita,Kansas,OFF-AR-10002445,OFFICE SUPPLIES,ART,SANFORD  Major  Accent  Highlighters ,0,$21.24,$8.07
Central_2017-07.xlsx,33,Central,quantity missing or below 1,US-2017-164966,2017-07-30 00:00:00,First Class,HOME OFFICE,Lakeville,Minnesota,FUR-CH-10002304,FURNITURE,CHAIRS,"Global  Stack  Chair  without  Arms,  Black ",0,$155.88,$38.97
Central_2017-09.xlsx,28,Central,date outside the file's month,CA-2017-153381,2017-10-24 00:00:00,Standard Class,HOME OFFICE,Dubuque,Iowa,FUR-CH-10000988,FURNITURE,CHAIRS,Hon  Olson  Stacker  Stools ,10,"$1,408.10",$394.27
Central_2017-11.xlsx,72,Central,date not readable,US-2017-159982,TBC,Standard Class,CORPORATE,Chicago,Illinois,OFF-ST-10004804,OFFICE SUPPLIES,STORAGE,"Belkin  19""  Vented  Equipment  Shelf,  Black ",2,$82.37,-$19.56
Central_2017-11.xlsx,83,Central,date outside the file's month,CA-2017-110016,2017-12-29 00:00:00,Standard Class,CORPORATE,Detroit,Michigan,FUR-CH-10002880,FURNITURE,CHAIRS,"Global  High-Back  Leather  Tilter,  Burgundy ",9,"$1,106.91",$121.76
Central_2017-12.xlsx,28,Central,duplicate of an earlier row,US-2017-129637,2017-12-17 00:00:00,Standard Class,CONSUMER,Bloomington,Illinois,FUR-FU-10000965,FURNITURE,FURNISHINGS,"Howard  Miller  11-1/2""  Diameter  Ridgewood  Wall  Clock ",2,$41.55,-$19.74
Central_2017-12.xlsx,45,Central,date not readable,US-2017-120712,,Standard Class,CONSUMER,Austin,Texas,OFF-ST-10000107,OFFICE SUPPLIES,STORAGE,Fellowes  Super  Stor/Drawer ,4,$88.80,-$2.22
Central_2018-01.xlsx,4,Central,date outside the file's month,US-2018-116365,2018-02-03 00:00:00,Standard Class,CORPORATE,San Antonio,Texas,TEC-PH-10002890,TECHNOLOGY,PHONES,AT&T  17929  Lendline  Telephone ,5,$180.96,$13.57
Central_2018-01.xlsx,16,Central,duplicate of an earlier row,CA-2018-147970,2018-01-31 00:00:00,Second Class,CONSUMER,Dallas,Texas,OFF-PA-10003936,OFFICE SUPPLIES,PAPER,Xerox  1994 ,3,$15.55,$5.44
Central_2018-03.xlsx,39,Central,date not readable,CA-2018-163153,TBC,Standard Class,CORPORATE,Houston,Texas,FUR-TA-10004767,FURNITURE,TABLES,Safco  Drafting  Table ,2,$99.37,-$1.42
Central_2018-04.xlsx,20,Central,duplicate of an earlier row,CA-2018-155551,2018-04-18 00:00:00,Standard Class,HOME OFFICE,Elmhurst,Illinois,OFF-PA-10001560,OFFICE SUPPLIES,PAPER,"Adams  Telephone  Message  Books,  5  1/4”  x  11” ",2,$9.66,$3.26
Central_2018-05.xlsx,46,Central,amount not a number,CA-2018-152730,2018-05-30 00:00:00,Standard Class,HOME OFFICE,Superior,Wisconsin,OFF-PA-10004888,OFFICE SUPPLIES,PAPER,Xerox  217 ,7,TBC,$21.77
Central_2018-06.xlsx,31,Central,date outside the file's month,CA-2018-108581,2018-07-20 00:00:00,Standard Class,CORPORATE,Carrollton,Texas,OFF-PA-10000809,OFFICE SUPPLIES,PAPER,Xerox  206 ,2,$10.37,$3.63
Central_2018-08.xlsx,8,Central,missing order id,,2018-08-08 00:00:00,Standard Class,CONSUMER,Oklahoma City,Oklahoma,OFF-PA-10003270,OFFICE SUPPLIES,PAPER,Xerox  1954 ,2,$10.56,$4.75
Central_2018-08.xlsx,36,Central,quantity missing or below 1,US-2018-163538,2018-08-26 00:00:00,Standard Class,HOME OFFICE,Franklin,Wisconsin,TEC-AC-10002006,TECHNOLOGY,ACCESSORIES,Memorex  Micro  Travel  Drive  16  GB ,-2,$47.97,$14.87
Central_2018-09.xlsx,16,Central,duplicate of an earlier row,CA-2018-129847,2018-09-02 00:00:00,First Class,HOME OFFICE,Chicago,Illinois,FUR-FU-10000277,FURNITURE,FURNISHINGS,Deflect-o  DuraMat  Antistatic  Studded  Beveled  Mat  for  Medium  Pile  Carpeting ,2,$84.27,-$75.84
Central_2018-09.xlsx,96,Central,duplicate of an earlier row,US-2018-157945,2018-09-26 00:00:00,Standard Class,CONSUMER,Decatur,Illinois,FUR-CH-10002331,FURNITURE,CHAIRS,Hon  4700  Series  Mobuis  Mid-Back  Task  Chairs  with  Adjustable  Arms ,3,$747.56,-$96.11
Central_2018-10.xlsx,40,Central,duplicate of an earlier row,CA-2018-133697,2018-10-20 00:00:00,Second Class,CONSUMER,Houston,Texas,FUR-CH-10002372,FURNITURE,CHAIRS,Office  Star  -  Ergonomically  Designed  Knee  Chair ,1,$56.69,-$14.58
Central_2018-11.xlsx,72,Central,missing order id,,2018-11-22 00:00:00,Standard Class,CONSUMER,Houston,Texas,OFF-BI-10003196,OFFICE SUPPLIES,BINDERS,Accohide  Poly  Flexible  Ring  Binders ,6,$4.49,-$6.73
Central_2018-12.xlsx,25,Central,quantity missing or below 1,US-2018-131114,2018-12-09 00:00:00,Second Class,CORPORATE,Chicago,Illinois,OFF-SU-10001664,OFFICE SUPPLIES,SUPPLIES,Acme  Office  Executive  Series  Stainless  Steel  Trimmers ,0,$20.57,$1.54
Central_2018-12.xlsx,53,Central,duplicate of an earlier row,CA-2018-132829,2018-12-23 00:00:00,Second Class,CORPORATE,Houston,Texas,OFF-LA-10002945,OFFICE SUPPLIES,LABELS,"Permanent  Self-Adhesive  File  Folder  Labels  for  Typewriters,  1  1/8  x  3  1/2,  White ",9,$45.36,$14.74
Central_2018-12.xlsx,65,Central,duplicate of an earlier row,CA-2018-117226,2018-12-30 00:00:00,First Class,CORPORATE,Deer Park,Texas,OFF-BI-10004654,OFFICE SUPPLIES,BINDERS,Avery  Binding  System  Hidden  Tab  Executive  Style  Index  Sets ,6,$6.92,-$10.39
Central_2019-01.xlsx,27,Central,missing order id,,2019-01-14 00:00:00,Standard Class,HOME OFFICE,Richmond,Indiana,OFF-FA-10003472,OFFICE SUPPLIES,FASTENERS,Bagged  Rubber  Bands ,2,$2.52,$0.10
Central_2019-01.xlsx,34,Central,date not readable,CA-2019-138289,TBC,Second Class,CONSUMER,Jackson,Michigan,FUR-CH-10004626,FURNITURE,CHAIRS,Office  Star  Flex  Back  Scooter  Chair  with  Aluminum  Finish  Frame ,3,$302.67,$72.64
Central_2019-02.xlsx,12,Central,duplicate of an earlier row,CA-2019-118773,2019-02-09 00:00:00,Standard Class,CONSUMER,Houston,Texas,TEC-AC-10002402,TECHNOLOGY,ACCESSORIES,Razer  Kraken  PRO  Over  Ear  PC  and  Music  Headset ,2,$127.98,$16.00
Central_2019-03.xlsx,22,Central,amount not a number,CA-2019-157966,2019-03-13 00:00:00,Same Day,HOME OFFICE,Chicago,Illinois,OFF-AR-10000799,OFFICE SUPPLIES,ART,Col-Erase  Pencils  with  Erasers ,4,,$2.19
Central_2019-03.xlsx,38,Central,duplicate of an earlier row,CA-2019-160087,2019-03-18 00:00:00,Standard Class,CONSUMER,Dallas,Texas,OFF-AR-10001915,OFFICE SUPPLIES,ART,Peel-Off  China  Markers ,3,$23.83,$6.55
Central_2019-03.xlsx,46,Central,duplicate of an earlier row,CA-2019-135650,2019-03-23 00:00:00,Standard Class,CONSUMER,Huntsville,Texas,OFF-ST-10001809,OFFICE SUPPLIES,STORAGE,Fellowes  Officeware  Wire  Shelving ,2,$143.73,-$32.34
Central_2019-05.xlsx,13,Central,date not readable,CA-2019-140298,TBC,Standard Class,HOME OFFICE,Austin,Texas,OFF-AR-10003481,OFFICE SUPPLIES,ART,Newell  348 ,2,$5.25,$0.59
Central_2019-05.xlsx,15,Central,amount not a number,CA-2019-140298,2019-05-11 00:00:00,Standard Class,HOME OFFICE,Austin,Texas,OFF-PA-10003657,OFFICE SUPPLIES,PAPER,Xerox  1927 ,2,TBC,$2.14
Central_2019-05.xlsx,45,Central,amount not a number,CA-2019-111332,2019-05-20 00:00:00,Second Class,CONSUMER,Fargo,North Dakota,OFF-ST-10003816,OFFICE SUPPLIES,STORAGE,Fellowes  High-Stak  Drawer  Files ,4,,$162.09
Central_2019-06.xlsx,20,Central,duplicate of an earlier row,US-2019-106663,2019-06-09 00:00:00,Standard Class,HOME OFFICE,Chicago,Illinois,OFF-PA-10002377,OFFICE SUPPLIES,PAPER,"Adams  Telephone  Message  Book  W/Dividers/Space  For  Phone  Numbers,  5  1/4""X8  1/2"",  200/Messages ",8,$36.35,$11.36
Central_2019-07.xlsx,3,Central,date outside the file's month,US-2019-148362,2019-08-01 00:00:00,Standard Class,HOME OFFICE,Indianapolis,Indiana,OFF-PA-10003441,OFFICE SUPPLIES,PAPER,Xerox  226 ,4,$25.92,$12.44
Central_2019-09.xlsx,10,Central,duplicate of an earlier row,CA-2019-111220,2019-09-02 00:00:00,Standard Class,CORPORATE,Chicago,Illinois,OFF-ST-10003994,OFFICE SUPPLIES,STORAGE,"Belkin  19""  Center-Weighted  Shelf,  Gray ",5,$235.92,-$44.24
Central_2019-09.xlsx,16,Central,duplicate of an earlier row,CA-2019-140326,2019-09-04 00:00:00,First Class,CORPORATE,Chicago,Illinois,OFF-PA-10004041,OFFICE SUPPLIES,PAPER,"It's  Hot  Message  Books  with  Stickers,  2  3/4""  x  5"" ",3,$17.76,$5.55
Central_2019-09.xlsx,58,Central,date not readable,CA-2019-144113,,Standard Class,CONSUMER,Austin,Texas,TEC-PH-10002170,TECHNOLOGY,PHONES,ClearSounds  CSC500  Amplified  Spirit  Phone  Corded  phone ,1,$55.99,$5.60
Central_2019-09.xlsx,74,Central,amount not a number,US-2019-108245,2019-09-22 00:00:00,Standard Class,CORPORATE,Pearland,Texas,OFF-BI-10000773,OFFICE SUPPLIES,BINDERS,Insertable  Tab  Post  Binder  Dividers ,7,,-$18.53
Central_2019-09.xlsx,77,Central,duplicate of an earlier row,CA-2019-166317,2019-09-22 00:00:00,Standard Class,CORPORATE,Milwaukee,Wisconsin,OFF-PA-10004475,OFFICE SUPPLIES,PAPER,Xerox  1940 ,4,$219.84,$107.72
Central_2019-10.xlsx,29,Central,duplicate of an earlier row,CA-2019-163160,2019-10-13 00:00:00,First Class,CONSUMER,Freeport,Illinois,FUR-FU-10001424,FURNITURE,FURNISHINGS,Dax  Clear  Box  Frame ,3,$10.48,-$6.81
Central_2019-11.xlsx,72,Central,duplicate of an earlier row,CA-2019-158876,2019-11-19 00:00:00,Second Class,CONSUMER,Carrollton,Texas,FUR-FU-10001967,FURNITURE,FURNISHINGS,Telescoping  Adjustable  Floor  Lamp ,2,$15.99,-$13.99
Central_2019-11.xlsx,102,Central,quantity missing or below 1,CA-2019-130526,2019-11-26 00:00:00,First Class,CONSUMER,Rockford,Illinois,OFF-BI-10001524,OFFICE SUPPLIES,BINDERS,GBC  Premium  Transparent  Covers  with  Diagonal  Lined  Pattern ,-2,$33.57,-$53.71
Central_2019-12.xlsx,29,Central,duplicate of an earlier row,CA-2019-117324,2019-12-08 00:00:00,Standard Class,CONSUMER,Madison,Wisconsin,FUR-BO-10003159,FURNITURE,BOOKCASES,"Sauder  Camden  County  Collection  Libraries,  Planked  Cherry  Finish ",4,$459.92,$41.39
Central_2019-12.xlsx,39,Central,quantity missing or below 1,CA-2019-102659,2019-12-09 00:00:00,Standard Class,CONSUMER,Grand Rapids,Michigan,OFF-BI-10000088,OFFICE SUPPLIES,BINDERS,GBC  Imprintable  Covers ,0,$54.90,$26.90
Central_2019-12.xlsx,81,Central,duplicate of an earlier row,CA-2019-120376,2019-12-22 00:00:00,First Class,CONSUMER,Detroit,Michigan,FUR-TA-10004534,FURNITURE,TABLES,Bevis  44  x  96  Conference  Tables ,2,$411.80,$70.01
Central_2019-12.xlsx,99,Central,date outside the file's month,CA-2019-163860,2020-01-28 00:00:00,Standard Class,CORPORATE,Peoria,Illinois,OFF-BI-10003784,OFFICE SUPPLIES,BINDERS,Computer  Printout  Index  Tabs ,5,$1.68,-$2.69
East_2016-03.xlsx,18,East,duplicate of an earlier row,CA-2016-169061,05/03/2016,Second Class,Consumer,Yonkers,New York,OFF-SU-10000381,Office Supplies,Supplies,Acme Forged Steel Scissors with Black Enamel Handles,2,18.62,5.4
East_2016-04.xlsx,5,East,duplicate of an earlier row,CA-2016-113887,05/04/2016,First Class,Home Office,New York City,New York,OFF-PA-10004071,Office Supplies,Paper,"Eaton Premium Continuous-Feed Paper, 25% Cotton, Letter Size, White, 1000 Shts/Box",1,55.48,26.63
East_2016-07.xlsx,8,East,missing order id,,11/07/2016,First Class,Consumer,Niagara Falls,New York,TEC-PH-10004912,Technology,Phones,Cisco SPA112 2 Port Phone Adapter,3,164.85,47.81
East_2016-07.xlsx,27,East,duplicate of an earlier row,US-2016-150434,19/07/2016,Standard Class,Corporate,Bristol,Connecticut,OFF-BI-10003694,Office Supplies,Binders,"Avery 3 1/2"" Diskette Storage Pages, 10/Pack",2,20.88,9.6
East_2016-08.xlsx,12,East,amount not a number,US-2016-117968,05/08/2016,Second Class,Corporate,Meriden,Connecticut,OFF-AR-10004165,Office Supplies,Art,"Binney & Smith inkTank Erasable Pocket Highlighter, Chisel Tip, Yellow",2,,2.01
East_2016-09.xlsx,64,East,duplicate of an earlier row,CA-2016-168823,21/09/2016,First Class,Home Office,Philadelphia,Pennsylvania,OFF-PA-10004000,Office Supplies,Paper,"While You Were Out Pads, 50 per Pad, 4 x 5 1/4, Green Cycle",3,11.35,4.12
East_2016-09.xlsx,71,East,missing order id,,23/09/2016,Standard Class,Home Office,New York City,New York,OFF-BI-10004654,Office Supplies,Binders,Avery Binding System Hidden Tab Executive Style Index Sets,4,18.46,6.92
East_2016-10.xlsx,5,East,duplicate of an earlier row,CA-2016-108903,03/10/2016,Same Day,Consumer,Columbus,Ohio,TEC-AC-10003023,Technology,Accessories,Logitech G105 Gaming Keyboard,3,142.49,-3.56
East_2016-11.xlsx,43,East,date not readable,CA-2016-101833,,Second Class,Home Office,New York City,New York,OFF-PA-10003591,Office Supplies,Paper,Southworth 100% Cotton The Best Paper,3,34.44,17.22
East_2016-11.xlsx,51,East,duplicate of an earlier row,CA-2016-119375,17/11/2016,Standard Class,Corporate,Newark,Delaware,OFF-AR-10003752,Office Supplies,Art,Deluxe Chalkboard Eraser Cleaner,5,57.75,26.56
East_2016-11.xlsx,90,East,duplicate of an earlier row,CA-2016-136280,29/11/2016,Standard Class,Consumer,Philadelphia,Pennsylvania,OFF-LA-10000452,Office Supplies,Labels,Avery 488,2,5.04,1.76
East_2016-12.xlsx,8,East,missing order id,,01/12/2016,Second Class,Consumer,Columbus,Ohio,FUR-CH-10000015,Furniture,Chairs,Hon Multipurpose Stacking Arm Chairs,6,909.72,-51.98
East_2017-03.xlsx,30,East,missing order id,,26/03/2017,Second Class,Consumer,Philadelphia,Pennsylvania,OFF-PA-10001950,Office Supplies,Paper,Southworth 25% Cotton Antique Laid Paper & Envelopes,6,40.03,12.51
East_2017-03.xlsx,32,East,duplicate of an earlier row,CA-2017-167374,26/03/2017,Second Class,Consumer,Philadelphia,Pennsylvania,TEC-AC-10004633,Technology,Accessories,"Verbatim 25 GB 6x Blu-ray Single Layer Recordable Disc, 3/Pack",3,16.78,5.03
East_2017-04.xlsx,26,East,amount not a number,CA-2017-161263,16/04/2017,Standard Class,Corporate,Toledo,Ohio,TEC-PH-10002115,Technology,Phones,Plantronics 81402,3,TBC,-27.72
East_2017-04.xlsx,48,East,date outside the file's month,CA-2017-135174,30/05/2017,Second Class,Consumer,Troy,Ohio,TEC-PH-10001530,Technology,Phones,Cisco Unified IP Phone 7945G VoIP phone,5,1022.97,-255.74
East_2017-06.xlsx,12,East,date outside the file's month,CA-2017-155054,13/07/2017,Standard Class,Home Office,Lewiston,Maine,OFF-BI-10002824,Office Supplies,Binders,Recycled Easel Ring Binders,2,29.84,13.43
East_2017-07.xlsx,27,East,duplicate of an earlier row,CA-2017-135314,09/07/2017,Second Class,Consumer,Philadelphia,Pennsylvania,TEC-PH-10003072,Technology,Phones,Panasonic KX-TG9541B DECT 6.0 Digital 2-Line Expandable Cordless Phone With Digital Answering System,3,269.98,40.5
East_2017-07.xlsx,30,East,date not readable,CA-2017-142237,TBC,First Class,Consumer,Philadelphia,Pennsylvania,OFF-AR-10003732,Office Supplies,Art,Newell 333,5,11.12,0.83
East_2017-07.xlsx,41,East,missing order id,,16/07/2017,Standard Class,Home Office,Baltimore,Maryland,FUR-CH-10004853,Furniture,Chairs,"Global Manager's Adjustable Task Chair, Storm",1,150.98,43.78
East_2017-08.xlsx,14,East,duplicate of an earlier row,CA-2017-128013,09/08/2017,Standard Class,Corporate,New York City,New York,OFF-PA-10001815,Office Supplies,Paper,Xerox 1885,3,144.12,69.18
East_2017-09.xlsx,51,East,date outside the file's month,CA-2017-140984,14/10/2017,Standard Class,Consumer,New York City,New York,OFF-BI-10002012,Office Supplies,Binders,Wilson Jones Easy Flow II Sheet Lifters,9,12.96,4.54
East_2017-09.xlsx,63,East,date not readable,US-2017-126977,,Standard Class,Consumer,New York City,New York,FUR-BO-10002213,Furniture,Bookcases,DMI Eclipse Executive Suite Bookcases,5,2003.92,-25.05
East_2017-09.xlsx,75,East,amount not a number,CA-2017-109575,18/09/2017,Standard Class,Corporate,Clinton,Maryland,TEC-PH-10000895,Technology,Phones,Polycom VVX 310 VoIP phone,7,TBC,327.58
East_2017-09.xlsx,95,East,missing order id,,24/09/2017,Standard Class,Consumer,New York City,New York,OFF-EN-10003055,Office Supplies,Envelopes,"Blue String-Tie & Button Interoffice Envelopes, 10 x 13",1,39.98,17.99
East_2017-09.xlsx,108,East,date outside the file's month,CA-2017-127173,26/10/2017,Standard Class,Consumer,Oceanside,New York,OFF-BI-10000088,Office Supplies,Binders,GBC Imprintable Covers,9,79.06,28.66
East_2017-11.xlsx,67,East,quantity missing or below 1,US-2017-101511,21/11/2017,Second Class,Consumer,Newark,Ohio,FUR-CH-10004698,Furniture,Chairs,"Padded Folding Chairs, Black, 4/Carton",-2,396.8,-11.34
East_2017-11.xlsx,79,East,missing order id,,26/11/2017,Standard Class,Corporate,Leominster,Massachusetts,OFF-BI-10000343,Office Supplies,Binders,"Pressboard Covers with Storage Hooks, 9 1/2"" x 11"", Light Blue",3,14.73,6.92
East_2017-11.xlsx,92,East,quantity missing or below 1,CA-2017-130974,27/11/2017,Second Class,Home Office,Everett,Massachusetts,OFF-PA-10003823,Office Supplies,Paper,Xerox 197,0,154.9,69.7
East_2017-12.xlsx,17,East,duplicate of an earlier row,CA-2017-101091,05/12/2017,Second Class,Consumer,Philadelphia,Pennsylvania,TEC-AC-10003280,Technology,Accessories,Belkin F8E887 USB Wired Ergonomic Keyboard,2,47.98,0.6
East_2017-12.xlsx,31,East,amount not a number,CA-2017-165050,07/12/2017,First Class,Consumer,New York City,New York,OFF-BI-10001031,Office Supplies,Binders,Pressboard Data Binders by Wilson Jones,5,,7.21
East_2017-12.xlsx,63,East,duplicate of an earlier row,CA-2017-154144,20/12/2017,Standard Class,Corporate,Lindenhurst,New York,OFF-PA-10004071,Office Supplies,Paper,"Eaton Premium Continuous-Feed Paper, 25% Cotton, Letter Size, White, 1000 Shts/Box",1,55.48,26.63
East_2018-01.xlsx,13,East,missing order id,,15/01/2018,Standard Class,Consumer,New York City,New York,OFF-EN-10001137,Office Supplies,Envelopes,"#10 Gummed Flap White Envelopes, 100/Box",4,16.52,7.6
East_2018-05.xlsx,31,East,date outside the file's month,CA-2018-109176,09/06/2018,Standard Class,Consumer,Philadelphia,Pennsylvania,OFF-AR-10001955,Office Supplies,Art,Newell 319,5,79.36,9.92
East_2018-05.xlsx,60,East,missing order id,,26/05/2018,Standard Class,Corporate,Philadelphia,Pennsylvania,OFF-AR-10001919,Office Supplies,Art,"OIC #2 Pencils, Medium Soft",1,1.5,0.17
East_2018-07.xlsx,51,East,duplicate of an earlier row,CA-2018-107783,28/07/2018,First Class,Consumer,Bethlehem,Pennsylvania,OFF-BI-10000545,Office Supplies,Binders,GBC Ibimaster 500 Manual ProClick Binding System,6,1369.76,-913.18
East_2018-08.xlsx,23,East,duplicate of an earlier row,CA-2018-158001,23/08/2018,Standard Class,Corporate,New York City,New York,OFF-AR-10001954,Office Supplies,Art,Newell 331,6,29.34,7.92
East_2018-08.xlsx,24,East,date outside the file's month,CA-2018-158001,23/09/2018,Standard Class,Corporate,New York City,New York,OFF-AP-10002118,Office Supplies,Appliances,"1.7 Cubic Foot Compact ""Cube"" Office Refrigerators",5,1040.8,281.02
East_2018-08.xlsx,29,East,duplicate of an earlier row,CA-2018-132094,26/08/2018,Standard Class,Corporate,Philadelphia,Pennsylvania,TEC-AC-10001109,Technology,Accessories,Logitech Trackman Marble Mouse,2,47.98,13.2
East_2018-08.xlsx,36,East,date outside the file's month,CA-2018-145982,27/09/2018,Second Class,Consumer,Quincy,Massachusetts,TEC-PH-10000011,Technology,Phones,PureGear Roll-On Screen Protector,3,59.97,28.79
East_2018-08.xlsx,48,East,quantity missing or below 1,US-2018-141544,30/08/2018,First Class,Consumer,Philadelphia,Pennsylvania,OFF-ST-10000675,Office Supplies,Storage,"File Shuttle II and Handi-File, Black",-2,54.22,3.39
East_2018-10.xlsx,20,East,quantity missing or below 1,CA-2018-132066,16/10/2018,Standard Class,Corporate,New York City,New York,FUR-TA-10001539,Furniture,Tables,Chromcraft Rectangular Conference Tables,-2,142.18,-37.92
East_2018-10.xlsx,21,East,date outside the file's month,CA-2018-152688,17/11/2018,First Class,Consumer,Perth Amboy,New Jersey,OFF-BI-10004584,Office Supplies,Binders,GBC ProClick 150 Presentation Binding System,1,315.98,148.51
East_2018-10.xlsx,35,East,duplicate of an earlier row,CA-2018-116596,27/10/2018,Standard Class,Consumer,New York City,New York,OFF-FA-10000134,Office Supplies,Fasteners,"Advantus Push Pins, Aluminum Head",7,40.67,12.61
East_2018-11.xlsx,15,East,duplicate of an earlier row,CA-2018-145177,10/11/2018,Standard Class,Home Office,Springfield,Ohio,TEC-PH-10000376,Technology,Phones,Square Credit Card Reader,7,41.96,-9.79
East_2018-11.xlsx,19,East,date not readable,CA-2018-145177,TBC,Standard Class,Home Office,Springfield,Ohio,TEC-AC-10002550,Technology,Accessories,"Memorex 25GB 6X Branded Blu-Ray Recordable Disc, 30/Pack",7,178.92,-29.07
East_2018-11.xlsx,72,East,duplicate of an earlier row,CA-2018-110772,20/11/2018,Second Class,Home Office,Columbus,Ohio,FUR-BO-10004709,Furniture,Bookcases,"Bush Westfield Collection Bookcases, Medium Cherry Finish",3,86.97,-48.7
East_2018-11.xlsx,115,East,duplicate of an earlier row,CA-2018-127243,28/11/2018,Standard Class,Corporate,Philadelphia,Pennsylvania,TEC-PH-10004539,Technology,Phones,Wireless Extenders zBoost YX545 SOHO Signal Booster,3,340.18,-73.71
East_2018-12.xlsx,23,East,quantity missing or below 1,CA-2018-126004,04/12/2018,First Class,Consumer,New York City,New York,OFF-ST-10001418,Office Supplies,Storage,Carina Media Storage Towers in Natural & Black,-2,182.94,3.66
East_2018-12.xlsx,33,East,duplicate of an earlier row,CA-2018-146374,05/12/2018,Second Class,Corporate,Newark,Delaware,OFF-EN-10004483,Office Supplies,Envelopes,"#10 White Business Envelopes,4 1/8 x 9 1/2",7,109.69,51.55
East_2018-12.xlsx,38,East,amount not a number,CA-2018-162390,06/12/2018,Standard Class,Corporate,Hempstead,New York,OFF-BI-10004318,Office Supplies,Binders,Ibico EB-19 Dual Function Manual Binding System,7,TBC,314.84
East_2018-12.xlsx,49,East,quantity missing or below 1,CA-2018-146941,10/12/2018,First Class,Consumer,New York City,New York,OFF-ST-10001228,Office Supplies,Storage,"Fellowes Personal Hanging Folder Files, Navy",-2,80.58,22.56
East_2019-03.xlsx,4,East,date outside the file's month,CA-2019-104885,02/04/2019,Standard Class,Corporate,Newark,Delaware,FUR-BO-10003660,Furniture,Bookcases,"Bush Cubix Collection Bookcases, Fully Assembled",2,441.96,101.65
East_2019-03.xlsx,9,East,missing order id,,07/03/2019,Standard Class,Consumer,New York City,New York,OFF-LA-10003510,Office Supplies,Labels,"Avery 4027 File Folder Labels for Dot Matrix Printers, 5000 Labels per Box, White",3,91.59,42.13
East_2019-03.xlsx,52,East,duplicate of an earlier row,CA-2019-122308,24/03/2019,Standard Class,Consumer,New York City,New York,FUR-CH-10000665,Furniture,Chairs,"Global Airflow Leather Mesh Back Chair, Black",2,271.76,60.39
East_2019-05.xlsx,16,East,missing order id,,12/05/2019,Standard Class,Consumer,Cincinnati,Ohio,OFF-LA-10000443,Office Supplies,Labels,Avery 501,2,5.9,1.99
East_2019-06.xlsx,16,East,quantity missing or below 1,CA-2019-117821,12/06/2019,Standard Class,Consumer,Marion,Ohio,TEC-AC-10004469,Technology,Accessories,Microsoft Sculpt Comfort Mouse,0,63.92,19.18
East_2019-06.xlsx,55,East,duplicate of an earlier row,CA-2019-107132,26/06/2019,Standard Class,Corporate,New York City,New York,OFF-BI-10001071,Office Supplies,Binders,GBC ProClick Punch Binding System,2,102.37,37.11
East_2019-06.xlsx,57,East,duplicate of an earlier row,CA-2019-107132,26/06/2019,Standard Class,Corporate,New York City,New York,OFF-PA-10003790,Office Supplies,Paper,Xerox 1991,3,68.52,31.52
East_2019-07.xlsx,50,East,duplicate of an earlier row,US-2019-105046,17/07/2019,Standard Class,Home Office,Rome,New York,TEC-PH-10004536,Technology,Phones,Avaya 5420 Digital phone,2,269.98,67.5
East_2019-09.xlsx,40,East,quantity missing or below 1,CA-2019-132437,08/09/2019,Second Class,Corporate,New York City,New York,OFF-ST-10001031,Office Supplies,Storage,Adjustable Personal File Tote,0,65.12,16.93
East_2019-09.xlsx,77,East,duplicate of an earlier row,CA-2019-152975,14/09/2019,First Class,Home Office,New York City,New York,TEC-PH-10004586,Technology,Phones,Wilson SignalBoost 841262 DB PRO Amplifier Kit,3,1079.85,323.95
East_2019-09.xlsx,131,East,amount not a number,CA-2019-112004,25/09/2019,First Class,Corporate,Chester,Pennsylvania,OFF-SU-10000157,Office Supplies,Supplies,Compact Automatic Electric Letter Opener,2,,-42.95
East_2019-09.xlsx,149,East,missing order id,,29/09/2019,Standard Class,Consumer,Mount Vernon,New York,OFF-EN-10001539,Office Supplies,Envelopes,Staple envelope,3,23.34,10.97
East_2019-10.xlsx,4,East,duplicate of an earlier row,CA-2019-123981,02/10/2019,Standard Class,Corporate,New York City,New York,TEC-PH-10002115,Technology,Phones,Plantronics 81402,1,65.99,17.16
East_2019-10.xlsx,38,East,duplicate of an earlier row,CA-2019-132976,13/10/2019,Standard Class,Corporate,Philadelphia,Pennsylvania,OFF-ST-10000876,Office Supplies,Storage,Eldon Simplefile Box Office,6,59.71,5.97
East_2019-10.xlsx,86,East,date not readable,CA-2019-152807,,Standard Class,Consumer,Philadelphia,Pennsylvania,OFF-PA-10004355,Office Supplies,Paper,Xerox 231,4,20.74,7.26
East_2019-11.xlsx,81,East,duplicate of an earlier row,CA-2019-162929,19/11/2019,First Class,Home Office,New York City,New York,OFF-PA-10002986,Office Supplies,Paper,Xerox 1898,2,13.36,6.41
East_2019-11.xlsx,131,East,date not readable,US-2019-165456,TBC,First Class,Consumer,Philadelphia,Pennsylvania,FUR-CH-10003981,Furniture,Chairs,Global Commerce Series Low-Back Swivel/Tilt Chairs,6,1079.32,-15.42
East_2019-12.xlsx,41,East,duplicate of an earlier row,CA-2019-105235,05/12/2019,Standard Class,Corporate,New York City,New York,FUR-FU-10000521,Furniture,Furnishings,"Seth Thomas 14"" Putty-Colored Wall Clock",2,58.68,18.19
East_2019-12.xlsx,85,East,date not readable,CA-2019-103443,TBC,Standard Class,Consumer,New York City,New York,OFF-ST-10002276,Office Supplies,Storage,Safco Steel Mobile File Cart,2,166.72,41.68
East_2019-12.xlsx,94,East,duplicate of an earlier row,CA-2019-115602,18/12/2019,Standard Class,Consumer,New York City,New York,FUR-CH-10001708,Furniture,Chairs,Office Star - Contemporary Swivel Chair with Padded Adjustable Arms and Flex Back,9,1141.94,139.57
East_2019-12.xlsx,131,East,duplicate of an earlier row,CA-2019-164826,28/12/2019,Standard Class,Consumer,New York City,New York,OFF-BI-10001922,Office Supplies,Binders,Storex Dura Pro Binders,7,33.26,11.23
East_2019-12.xlsx,138,East,duplicate of an earlier row,CA-2019-143259,30/12/2019,Standard Class,Consumer,New York City,New York,FUR-BO-10003441,Furniture,Bookcases,"Bush Westfield Collection Bookcases, Fully Assembled",4,323.14,12.12
South_2016-01.xlsx,5,South,amount not a number,CA-2016-167199,Jan 06 2016,Std,Home Office,Henderson,Kentucky,OFF-AR-10001662,Office Supplies,Art,Rogers Handheld Barrel Pencil Sharpener,2 pcs,TBC,1.48
South_2016-04.xlsx,33,South,missing order id,,Apr 29 2016,2nd class,Consumer,Lake Charles,Louisiana,FUR-CH-10002304,Furniture,Chairs,"Global Stack Chair without Arms, Black",2 pcs,51.96,12.99
South_2016-05.xlsx,9,South,date not readable,CA-2016-158771,TBC,same day,Corporate,Henderson,Kentucky,OFF-ST-10000107,Office Supplies,Storage,Fellowes Super Stor/Drawer,3 pcs,83.25,14.98
South_2016-06.xlsx,9,South,amount not a number,US-2016-109162,Jun 08 2016,Std,Corporate,Bristol,Tennessee,FUR-CH-10002647,Furniture,Chairs,"Situations Contoured Folding Chairs, 4/Set",3 pcs,,10.65
South_2016-07.xlsx,11,South,date outside the file's month,CA-2016-157784,Aug 05 2016,1st class,Consumer,Jackson,Mississippi,OFF-LA-10001934,Office Supplies,Labels,Avery 516,2 pcs,14.62,6.87
South_2016-09.xlsx,19,South,date outside the file's month,US-2016-117170,Oct 17 2016,Std,Consumer,Raleigh,North Carolina,OFF-PA-10000682,Office Supplies,Paper,Xerox 1924,1 pcs,4.62,1.68
South_2016-10.xlsx,17,South,amount not a number,CA-2016-169684,Oct 20 2016,1st class,Corporate,Knoxville,Tennessee,OFF-ST-10000934,Office Supplies,Storage,"Contico 72""H Heavy-Duty Storage System",3 pcs,TBC,-24.59
South_2016-11.xlsx,21,South,quantity missing or below 1,CA-2016-161634,Nov 14 2016,Std,Consumer,Chesapeake,Virginia,OFF-PA-10002262,Office Supplies,Paper,Xerox 192,0 pcs,32.4,15.55
South_2017-01.xlsx,4,South,amount not a number,CA-2017-119480,Jan 09 2017,Std,Consumer,Henderson,Kentucky,OFF-AP-10001205,Office Supplies,Appliances,Belkin 5 Outlet SurgeMaster Power Centers,3 pcs,TBC,45.76
South_2017-03.xlsx,5,South,missing order id,,Mar 12 2017,Std,Corporate,Plantation,Florida,OFF-EN-10004030,Office Supplies,Envelopes,Convenience Packs of Business Envelopes,3 pcs,8.69,2.93
South_2017-03.xlsx,27,South,date outside the file's month,CA-2017-137106,Apr 30 2017,Std,Corporate,Jacksonville,Florida,TEC-PH-10000011,Technology,Phones,PureGear Roll-On Screen Protector,5 pcs,79.96,27.99
South_2017-04.xlsx,19,South,duplicate of an earlier row,US-2017-134026,Apr 26 2017,Std,Consumer,Memphis,Tennessee,FUR-CH-10000513,Furniture,Chairs,High-Back Leather Manager's Chair,8 pcs,831.94,-114.39
South_2017-05.xlsx,6,South,duplicate of an earlier row,CA-2017-147879,May 07 2017,Std,Consumer,Owensboro,Kentucky,OFF-PA-10001952,Office Supplies,Paper,Xerox 1902,2 pcs,45.68,21.01
South_2017-06.xlsx,11,South,date not readable,CA-2017-101868,TBC,Std,Consumer,Miami,Florida,OFF-BI-10003876,Office Supplies,Binders,"Green Canvas Binder for 8-1/2"" x 14"" Sheets",5 pcs,64.2,-42.8
South_2017-07.xlsx,18,South,amount not a number,CA-2017-103135,Jul 24 2017,Std,Home Office,Louisville,Kentucky,TEC-AC-10003289,Technology,Accessories,Anker Ultra-Slim Mini Bluetooth 3.0 Wireless Keyboard,14 pcs,,64.37
South_2017-08.xlsx,6,South,duplicate of an earlier row,CA-2017-119634,Aug 11 2017,Std,Consumer,Raleigh,North Carolina,FUR-FU-10004270,Furniture,Furnishings,"Executive Impressions 13"" Clairmont Wall Clock",3 pcs,46.15,12.11
South_2017-09.xlsx,8,South,date outside the file's month,CA-2017-169572,Oct 06 2017,Std,Corporate,Richmond,Virginia,OFF-BI-10002799,Office Supplies,Binders,"SlimView Poly Binder, 3/8""",9 pcs,46.62,21.45
South_2017-09.xlsx,39,South,date outside the file's month,CA-2017-158421,Oct 21 2017,Std,Consumer,Columbia,South Carolina,OFF-ST-10002444,Office Supplies,Storage,Recycled Eldon Regeneration Jumbo File,7 pcs,85.96,24.07
South_2017-11.xlsx,4,South,missing order id,,Nov 05 2017,Std,Consumer,Coral Springs,Florida,OFF-AP-10000576,Office Supplies,Appliances,"Belkin 325VA UPS Surge Protector, 6'",4 pcs,387.14,24.2
South_2017-11.xlsx,24,South,duplicate of an earlier row,CA-2017-136147,Nov 13 2017,Std,Consumer,Miami,Florida,TEC-AC-10004568,Technology,Accessories,Maxell LTO Ultrium - 800 GB,5 pcs,111.96,-1.4
South_2017-12.xlsx,35,South,date not readable,US-2017-136749,,2nd class,Consumer,Columbus,Georgia,FUR-FU-10000747,Furniture,Furnishings,Tenex B1-RE Series Chair Mats for Low Pile Carpets,6 pcs,275.88,46.9
South_2017-12.xlsx,36,South,quantity missing or below 1,US-2017-136749,Dec 25 2017,2nd class,Consumer,Columbus,Georgia,OFF-BI-10004492,Office Supplies,Binders,Tuf-Vin Binders,0 pcs,157.9,74.21
South_2018-01.xlsx,17,South,date not readable,CA-2018-159891,TBC,Std,Home Office,Atlanta,Georgia,OFF-EN-10004483,Office Supplies,Envelopes,"#10 White Business Envelopes,4 1/8 x 9 1/2",8 pcs,125.36,58.92
South_2018-02.xlsx,7,South,date not readable,US-2018-108504,,same day,Home Office,Smyrna,Georgia,OFF-PA-10003892,Office Supplies,Paper,Xerox 1943,7 pcs,342.37,160.91
South_2018-05.xlsx,41,South,duplicate of an earlier row,CA-2018-113236,May 26 2018,2nd class,Corporate,Delray Beach,Florida,TEC-AC-10001267,Technology,Accessories,Imation 32GB Pocket Pro USB 3.0 Flash Drive - 32 GB - Black - 1 P ...,2 pcs,47.92,11.98
South_2018-07.xlsx,26,South,amount not a number,CA-2018-142895,Jul 21 2018,Std,Consumer,Concord,North Carolina,OFF-LA-10000262,Office Supplies,Labels,Avery 494,3 pcs,,2.04
South_2018-07.xlsx,35,South,duplicate of an earlier row,CA-2018-104157,Jul 25 2018,Std,Consumer,Jackson,Mississippi,OFF-ST-10000321,Office Supplies,Storage,Akro Stacking Bins,1 pcs,7.89,0.32
South_2018-08.xlsx,18,South,amount not a number,CA-2018-125843,Aug 13 2018,1st class,Consumer,Springfield,Virginia,OFF-LA-10003923,Office Supplies,Labels,Alphabetical Labels for Top Tab Filing,7 pcs,,51.8
South_2018-09.xlsx,57,South,amount not a number,CA-2018-108616,Sep 29 2018,Std,Consumer,Mobile,Alabama,TEC-AC-10000420,Technology,Accessories,Logitech G500s Laser Gaming Mouse with Adjustable Weight Tuning,3 pcs,TBC,71.39
South_2018-12.xlsx,4,South,date outside the file's month,CA-2018-136483,Jan 01 2019,Std,Consumer,Knoxville,Tennessee,OFF-AR-10000940,Office Supplies,Art,Newell 343,2 pcs,4.7,0.41
South_2018-12.xlsx,8,South,date not readable,CA-2018-124772,,1st class,Consumer,Murray,Kentucky,FUR-FU-10004748,Furniture,Furnishings,"Howard Miller 16"" Diameter Gallery Wall Clock",3 pcs,191.82,74.81
South_2019-03.xlsx,8,South,duplicate of an earlier row,CA-2019-155698,Mar 08 2019,1st class,Corporate,Columbus,Georgia,OFF-AP-10001124,Office Supplies,Appliances,Belkin 8 Outlet SurgeMaster II Gold Surge Protector with Phone Protection,8 pcs,647.84,168.44
South_2019-04.xlsx,16,South,duplicate of an earlier row,US-2019-100930,Apr 07 2019,Std,Home Office,Tampa,Florida,TEC-AC-10003832,Technology,Accessories,Logitech P710e Mobile Speakerphone,3 pcs,617.98,-7.72
South_2019-05.xlsx,3,South,quantity missing or below 1,CA-2019-110212,May 01 2019,Std,Home Office,Texarkana,Arkansas,TEC-AC-10002331,Technology,Accessories,"Maxell 74 Minute CDR, 10/Pack",0 pcs,48.9,18.09
South_2019-05.xlsx,18,South,date not readable,CA-2019-134810,,1st class,Corporate,Jacksonville,North Carolina,FUR-CH-10001270,Furniture,Chairs,Harbour Creations Steel Folding Chair,3 pcs,207,25.87
South_2019-08.xlsx,4,South,missing order id,,Aug 06 2019,2nd class,Consumer,Lafayette,Louisiana,FUR-BO-10000468,Furniture,Bookcases,O'Sullivan 2-Shelf Heavy-Duty Bookcases,3 pcs,145.74,23.32
South_2019-09.xlsx,54,South,amount not a number,CA-2019-134096,Sep 24 2019,Std,Home Office,Hollywood,Florida,TEC-PH-10000526,Technology,Phones,Vtech CS6719,5 pcs,,38.4
South_2019-11.xlsx,20,South,quantity missing or below 1,CA-2019-159135,Nov 04 2019,Std,Home Office,Springdale,Arkansas,OFF-AR-10000657,Office Supplies,Art,"Binney & Smith inkTank Desk Highlighter, Chisel Tip, Yellow, 12/Box",-2 pcs,4.3,1.42
South_2019-12.xlsx,21,South,date outside the file's month,US-2019-167920,Jan 09 2020,2nd class,Consumer,Richmond,Kentucky,OFF-BI-10003274,Office Supplies,Binders,"Avery Durable Slant Ring Binders, No Labels",4 pcs,15.92,7.48
South_2019-12.xlsx,38,South,date not readable,CA-2019-107461,TBC,2nd class,Consumer,Columbia,South Carolina,OFF-BI-10002003,Office Supplies,Binders,Ibico Presentation Index for Binding Systems,6 pcs,23.88,11.22
West_2016-01.xlsx,20,West,duplicate of an earlier row,US-2016-117163,2016-01-27 00:00:00,Standard Class,Consumer,San Diego,California,OFF-AR-10003179,Office Supplies,Art,Dixon Ticonderoga Core-Lock Colored Pencils,4,36.44,12.03
West_2016-03.xlsx,26,West,duplicate of an earlier row,US-2016-131275,2016-03-18 00:00:00,Standard Class,Home Office,Burbank,California,OFF-ST-10000078,Office Supplies,Storage,Tennsco 6- and 18-Compartment Lockers,7,1856.19,334.11
West_2016-04.xlsx,45,West,missing order id,,2016-04-25 00:00:00,Standard Class,Home Office,San Gabriel,California,FUR-CH-10003973,Furniture,Chairs,GuestStacker Chair with Chrome Finish Legs,5,1487.04,148.7
West_2016-05.xlsx,29,West,duplicate of an earlier row,CA-2016-156349,2016-05-26 00:00:00,Standard Class,Corporate,Los Angeles,California,TEC-PH-10002726,Technology,Phones,netTALK DUO VoIP Telephone Service,2,83.98,31.49
West_2016-07.xlsx,15,West,duplicate of an earlier row,CA-2016-114125,2016-07-09 00:00:00,Standard Class,Home Office,Los Angeles,California,OFF-LA-10004559,Office Supplies,Labels,Avery 49,1,2.88,1.41
West_2016-07.xlsx,17,West,duplicate of an earlier row,CA-2016-113271,2016-07-09 00:00:00,Standard Class,Home Office,San Francisco,California,OFF-BI-10002609,Office Supplies,Binders,Avery Hidden Tab Dividers for Binding Systems,6,14.3,4.65
West_2016-08.xlsx,61,West,amount not a number,CA-2016-143336,2016-08-27 00:00:00,Second Class,Consumer,San Francisco,California,OFF-BI-10002215,Office Supplies,Binders,"Wilson Jones Hanging View Binder, White, 1""",4,TBC,7.38
West_2016-10.xlsx,53,West,missing order id,,2016-10-28 00:00:00,First Class,Corporate,Los Angeles,California,OFF-SU-10000646,Office Supplies,Supplies,Premier Automatic Letter Opener,2,480.74,14.42
West_2016-11.xlsx,71,West,quantity missing or below 1,CA-2016-154781,2016-11-21 00:00:00,Standard Class,Home Office,San Francisco,California,TEC-AC-10000474,Technology,Accessories,Kensington Expert Mouse Optical USB Trackball for PC or Mac,0,94.99,28.5
West_2016-11.xlsx,74,West,date outside the file's month,US-2016-157385,2016-12-23 00:00:00,First Class,Consumer,Los Angeles,California,FUR-CH-10000863,Furniture,Chairs,Novimex Swivel Fabric Task Chair,5,603.92,-67.94
West_2016-12.xlsx,29,West,date not readable,CA-2016-144071,,Standard Class,Corporate,San Francisco,California,FUR-FU-10000397,Furniture,Furnishings,Luxo Economy Swing Arm Lamp,2,39.88,11.17
West_2016-12.xlsx,42,West,duplicate of an earlier row,CA-2016-141607,2016-12-12 00:00:00,Standard Class,Consumer,Concord,California,FUR-FU-10003975,Furniture,Furnishings,Eldon Advantage Chair Mats for Low to Medium Pile Carpets,1,43.31,4.33
West_2017-02.xlsx,14,West,amount not a number,CA-2017-121776,2017-02-16 00:00:00,Standard Class,Consumer,Los Angeles,California,OFF-PA-10001970,Office Supplies,Paper,Xerox 1881,3,,17.31
West_2017-03.xlsx,13,West,date not readable,US-2017-139675,TBC,Second Class,Home Office,Chico,California,FUR-FU-10001979,Furniture,Furnishings,Dana Halogen Swing-Arm Architect Lamp,8,327.76,91.77
West_2017-03.xlsx,17,West,quantity missing or below 1,CA-2017-112116,2017-03-16 00:00:00,Second Class,Consumer,Seattle,Washington,FUR-TA-10001039,Furniture,Tables,KI Adjustable-Height Table,-2,171.96,44.71
West_2017-03.xlsx,25,West,duplicate of an earlier row,CA-2017-111829,2017-03-19 00:00:00,First Class,Corporate,Seattle,Washington,OFF-PA-10004359,Office Supplies,Paper,Multicolor Computer Printout Paper,2,209.7,100.66
West_2017-06.xlsx,21,West,duplicate of an earlier row,CA-2017-122287,2017-06-18 00:00:00,Standard Class,Home Office,Peoria,Arizona,OFF-BI-10003707,Office Supplies,Binders,Aluminum Screw Posts,2,9.16,-6.1
West_2017-07.xlsx,13,West,quantity missing or below 1,CA-2017-143364,2017-07-14 00:00:00,Second Class,Consumer,Mesa,Arizona,OFF-ST-10002743,Office Supplies,Storage,SAFCO Boltless Steel Shelving,-2,272.74,-64.77
West_2017-07.xlsx,32,West,date not readable,CA-2017-155334,,First Class,Consumer,San Francisco,California,FUR-FU-10003274,Furniture,Furnishings,Regeneration Desk Collection,3,5.28,2.32
West_2017-08.xlsx,21,West,duplicate of an earlier row,CA-2017-142454,2017-08-15 00:00:00,Standard Class,Consumer,Oakland,California,OFF-ST-10003638,Office Supplies,Storage,Mobile Personal File Cube,3,70.26,18.97
West_2017-08.xlsx,57,West,duplicate of an earlier row,CA-2017-111514,2017-08-31 00:00:00,First Class,Corporate,San Francisco,California,TEC-MA-10000597,Technology,Machines,Lexmark S315 Color Inkjet Printer,3,239.98,80.99
West_2017-09.xlsx,12,West,missing order id,,2017-09-03 00:00:00,Standard Class,Corporate,San Francisco,California,TEC-AC-10003038,Technology,Accessories,Kingston Digital DataTraveler 16GB USB 2.0,2,17.9,3.4
West_2017-09.xlsx,31,West,duplicate of an earlier row,CA-2017-165057,2017-09-11 00:00:00,Standard Class,Consumer,Redlands,California,OFF-AR-10004648,Office Supplies,Art,Boston 19500 Mighty Mite Electric Pencil Sharpener,9,181.35,48.96
West_2017-09.xlsx,40,West,duplicate of an earlier row,CA-2017-120362,2017-09-14 00:00:00,Standard Class,Consumer,Provo,Utah,FUR-TA-10003008,Furniture,Tables,"Lesro Round Back Collection Coffee Table, End Table",5,912.75,118.66
West_2017-09.xlsx,78,West,missing order id,,2017-09-26 00:00:00,Standard Class,Corporate,Mesa,Arizona,OFF-ST-10002743,Office Supplies,Storage,SAFCO Boltless Steel Shelving,4,363.65,-86.37
West_2017-09.xlsx,88,West,quantity missing or below 1,CA-2017-167255,2017-09-27 00:00:00,Second Class,Home Office,San Francisco,California,OFF-PA-10003441,Office Supplies,Paper,Xerox 226,0,12.96,6.22
West_2017-10.xlsx,26,West,duplicate of an earlier row,CA-2017-152527,2017-10-17 00:00:00,Same Day,Consumer,Los Angeles,California,OFF-ST-10003479,Office Supplies,Storage,"Eldon Base for stackable storage shelf, platinum",2,77.88,3.89
West_2017-11.xlsx,19,West,date not readable,CA-2017-102848,,Second Class,Corporate,Los Angeles,California,FUR-CH-10000595,Furniture,Chairs,Safco Contoured Stacking Chairs,1,190.72,11.92
West_2017-11.xlsx,90,West,duplicate of an earlier row,CA-2017-157028,2017-11-28 00:00:00,Standard Class,Home Office,Las Cruces,New Mexico,OFF-AR-10004441,Office Supplies,Art,BIC Brite Liner Highlighters,2,8.28,3.48
West_2017-12.xlsx,5,West,amount not a number,CA-2017-137113,2017-12-01 00:00:00,Second Class,Home Office,Seattle,Washington,OFF-PA-10004255,Office Supplies,Paper,Xerox 219,5,,15.55
West_2017-12.xlsx,18,West,date not readable,CA-2017-119508,TBC,Standard Class,Consumer,Lakewood,California,OFF-AR-10003723,Office Supplies,Art,Avery Hi-Liter Fluorescent Desk Style Markers,5,16.9,6.25
West_2017-12.xlsx,79,West,duplicate of an earlier row,CA-2017-141593,2017-12-14 00:00:00,Second Class,Corporate,Los Angeles,California,FUR-TA-10002622,Furniture,Tables,"Bush Andora Conference Table, Maple/Graphite Gray Finish",2,273.57,10.26
West_2017-12.xlsx,122,West,amount not a number,CA-2017-109197,2017-12-31 00:00:00,Standard Class,Consumer,Missoula,Montana,OFF-BI-10004632,Office Supplies,Binders,Ibico Hi-Tech Manual Binding System,2,TBC,152.49
West_2018-01.xlsx,22,West,quantity missing or below 1,US-2018-166660,2018-01-30 00:00:00,Second Class,Consumer,Seattle,Washington,FUR-BO-10000468,Furniture,Bookcases,O'Sullivan 2-Shelf Heavy-Duty Bookcases,0,48.58,7.77
West_2018-03.xlsx,23,West,date outside the file's month,CA-2018-158834,2018-04-13 00:00:00,First Class,Home Office,Scottsdale,Arizona,OFF-AP-10000326,Office Supplies,Appliances,Belkin 7 Outlet SurgeMaster Surge Protector with Phone Protection,5,157.92,17.77
West_2018-03.xlsx,36,West,duplicate of an earlier row,CA-2018-118899,2018-03-22 00:00:00,Same Day,Consumer,Seattle,Washington,FUR-CH-10004754,Furniture,Chairs,"Global Stack Chair with Arms, Black",7,167.89,14.69
West_2018-04.xlsx,34,West,amount not a number,US-2018-115819,2018-04-19 00:00:00,Second Class,Consumer,Los Angeles,California,OFF-BI-10000050,Office Supplies,Binders,"Angle-D Binders with Locking Rings, Label Holders",1,,1.97
West_2018-05.xlsx,7,West,date not readable,CA-2018-126165,,Second Class,Consumer,San Francisco,California,FUR-TA-10001676,Furniture,Tables,Hon 61000 Series Interactive Training Tables,2,71.09,-1.78
West_2018-05.xlsx,24,West,amount not a number,CA-2018-130638,2018-05-16 00:00:00,Second Class,Consumer,Los Angeles,California,FUR-FU-10002116,Furniture,Furnishings,"Tenex Carpeted, Granite-Look or Clear Contemporary Contour Shape Chair Mats",4,,19.8
West_2018-05.xlsx,44,West,amount not a number,CA-2018-134803,2018-05-28 00:00:00,Standard Class,Consumer,Los Angeles,California,TEC-AC-10002217,Technology,Accessories,Imation Clip USB flash drive - 8 GB,7,,7.9
West_2018-06.xlsx,35,West,duplicate of an earlier row,CA-2018-132304,2018-06-14 00:00:00,Standard Class,Corporate,Seattle,Washington,FUR-TA-10004619,Furniture,Tables,Hon Non-Folding Utility Tables,7,1115.17,334.55
West_2018-06.xlsx,50,West,duplicate of an earlier row,CA-2018-141397,2018-06-20 00:00:00,First Class,Consumer,Pasadena,California,OFF-AP-10003971,Office Supplies,Appliances,Belkin 6 Outlet Metallic Surge Strip,2,21.78,5.66
West_2018-07.xlsx,22,West,duplicate of an earlier row,CA-2018-135265,2018-07-07 00:00:00,Second Class,Consumer,Los Angeles,California,OFF-PA-10002923,Office Supplies,Paper,Xerox 1942,1,48.94,24.47
West_2018-07.xlsx,46,West,amount not a number,US-2018-139087,2018-07-17 00:00:00,Second Class,Consumer,Seattle,Washington,TEC-PH-10000148,Technology,Phones,Cyber Acoustics AC-202b Speech Recognition Stereo Headset,2,,-4.68
West_2018-08.xlsx,41,West,amount not a number,CA-2018-140256,2018-08-22 00:00:00,Standard Class,Corporate,Los Angeles,California,OFF-AR-10002255,Office Supplies,Art,Newell 346,2,TBC,1.67
West_2018-08.xlsx,52,West,amount not a number,CA-2018-128594,2018-08-26 00:00:00,First Class,Corporate,San Diego,California,FUR-CH-10001215,Furniture,Chairs,Global Troy Executive Leather Low-Back Tilter,4,,100.2
West_2018-09.xlsx,13,West,duplicate of an earlier row,CA-2018-166429,2018-09-02 00:00:00,Standard Class,Consumer,Des Moines,Washington,TEC-CO-10002095,Technology,Copiers,Hewlett Packard 610 Color Digital Copier / Printer,2,999.98,449.99
West_2018-09.xlsx,16,West,date outside the file's month,CA-2018-126732,2018-10-02 00:00:00,Standard Class,Consumer,Los Angeles,California,OFF-ST-10000321,Office Supplies,Storage,Akro Stacking Bins,3,23.67,0.95
West_2018-09.xlsx,93,West,quantity missing or below 1,CA-2018-155187,2018-09-24 00:00:00,Second Class,Corporate,Los Angeles,California,OFF-PA-10000380,Office Supplies,Paper,"REDIFORM Incoming/Outgoing Call Register, 11"" X 8 1/2"", 100 Messages",-2,41.7,20.85
West_2018-09.xlsx,104,West,date outside the file's month,CA-2018-101385,2018-10-25 00:00:00,Standard Class,Consumer,San Francisco,California,OFF-AR-10004441,Office Supplies,Art,BIC Brite Liner Highlighters,4,16.56,6.96
West_2018-09.xlsx,111,West,duplicate of an earlier row,CA-2018-145898,2018-09-26 00:00:00,Same Day,Consumer,Redlands,California,OFF-LA-10000262,Office Supplies,Labels,Avery 494,3,7.83,3.6
West_2018-09.xlsx,122,West,duplicate of an earlier row,US-2018-101497,2018-09-29 00:00:00,Second Class,Consumer,Los Angeles,California,OFF-PA-10000176,Office Supplies,Paper,Xerox 1887,1,18.97,9.11
West_2018-10.xlsx,46,West,duplicate of an earlier row,CA-2018-138478,2018-10-21 00:00:00,Second Class,Home Office,North Las Vegas,Nevada,OFF-BI-10001120,Office Supplies,Binders,Ibico EPK-21 Electric Binding System,3,4535.98,1644.29
West_2018-10.xlsx,51,West,missing order id,,2018-10-21 00:00:00,Standard Class,Consumer,Los Angeles,California,FUR-CH-10004626,Furniture,Chairs,Office Star Flex Back Scooter Chair with Aluminum Finish Frame,3,242.14,12.11
West_2018-12.xlsx,13,West,duplicate of an earlier row,US-2018-108455,2018-12-02 00:00:00,Standard Class,Consumer,San Francisco,California,OFF-PA-10002464,Office Supplies,Paper,HP Office Recycled Paper (20Lb. and 87 Bright),7,40.46,19.83
West_2018-12.xlsx,120,West,quantity missing or below 1,CA-2018-135776,2018-12-23 00:00:00,Standard Class,Corporate,Seattle,Washington,OFF-PA-10001295,Office Supplies,Paper,Computer Printout Paper with Letter-Trim Perforations,-2,37.94,18.21
West_2018-12.xlsx,122,West,duplicate of an earlier row,CA-2018-135776,2018-12-23 00:00:00,Standard Class,Corporate,Seattle,Washington,OFF-AR-10001246,Office Supplies,Art,Newell 317,3,8.82,2.56
West_2018-12.xlsx,135,West,missing order id,,2018-12-25 00:00:00,Standard Class,Corporate,Phoenix,Arizona,TEC-AC-10004353,Technology,Accessories,Hypercom P1300 Pinpad,2,100.8,21.42
West_2019-01.xlsx,19,West,quantity missing or below 1,CA-2019-160934,2019-01-15 00:00:00,Standard Class,Home Office,Los Angeles,California,OFF-AR-10003504,Office Supplies,Art,Newell 347,0,21.4,6.21
West_2019-03.xlsx,13,West,amount not a number,CA-2019-167640,2019-03-06 00:00:00,Standard Class,Home Office,San Francisco,California,TEC-PH-10001336,Technology,Phones,Digium D40 VoIP phone,2,TBC,23.22
West_2019-03.xlsx,71,West,amount not a number,US-2019-117534,2019-03-25 00:00:00,First Class,Consumer,Fresno,California,OFF-BI-10002026,Office Supplies,Binders,Avery Arch Ring Binders,4,TBC,62.75
West_2019-03.xlsx,78,West,duplicate of an earlier row,US-2019-147886,2019-03-28 00:00:00,First Class,Corporate,Fairfield,California,FUR-FU-10003829,Furniture,Furnishings,Stackable Trays,7,21.56,6.9
West_2019-04.xlsx,48,West,quantity missing or below 1,CA-2019-159226,2019-04-25 00:00:00,Second Class,Consumer,Los Angeles,California,FUR-BO-10004709,Furniture,Bookcases,"Bush Westfield Collection Bookcases, Medium Cherry Finish",-2,344.98,28.41
West_2019-04.xlsx,56,West,amount not a number,CA-2019-137876,2019-04-30 00:00:00,Standard Class,Corporate,San Francisco,California,FUR-FU-10000222,Furniture,Furnishings,"Seth Thomas 16"" Steel Case Clock",2,,21.44
West_2019-04.xlsx,60,West,duplicate of an earlier row,CA-2019-154501,2019-04-30 00:00:00,Standard Class,Corporate,Los Angeles,California,OFF-AR-10002804,Office Supplies,Art,Faber Castell Col-Erase Pencils,2,9.78,4.01
West_2019-06.xlsx,9,West,amount not a number,CA-2019-145772,2019-06-03 00:00:00,Standard Class,Corporate,Los Angeles,California,TEC-AC-10003038,Technology,Accessories,Kingston Digital DataTraveler 16GB USB 2.0,5,,8.5
West_2019-06.xlsx,49,West,amount not a number,CA-2019-105214,2019-06-16 00:00:00,First Class,Consumer,San Francisco,California,OFF-PA-10001776,Office Supplies,Paper,"Wirebound Message Books, Four 2 3/4"" x 5"" Forms per Page, 600 Sets per Book",2,TBC,8.71
West_2019-08.xlsx,31,West,date not readable,CA-2019-152310,TBC,Standard Class,Consumer,Seattle,Washington,OFF-PA-10003134,Office Supplies,Paper,Xerox 1937,4,192.16,92.24
West_2019-08.xlsx,51,West,missing order id,,2019-08-18 00:00:00,Standard Class,Corporate,Seattle,Washington,FUR-FU-10001475,Furniture,Furnishings,"Contract Clock, 14"", Brown",3,65.94,22.42
West_2019-08.xlsx,72,West,duplicate of an earlier row,US-2019-109253,2019-08-21 00:00:00,First Class,Consumer,Oakland,California,OFF-AP-10002867,Office Supplies,Appliances,Fellowes Command Center 5-outlet power strip,3,203.52,54.95
West_2019-08.xlsx,79,West,duplicate of an earlier row,CA-2019-161956,2019-08-27 00:00:00,Second Class,Corporate,Inglewood,California,FUR-FU-10002937,Furniture,Furnishings,"GE 48"" Fluorescent Tube, Cool White Energy Saver, 34 Watts, 30/Box",2,198.46,99.23
West_2019-09.xlsx,19,West,duplicate of an earlier row,CA-2019-169327,2019-09-02 00:00:00,Second Class,Home Office,Los Angeles,California,OFF-BI-10004330,Office Supplies,Binders,"GBC Velobind Prepunched Cover Sets, Regency Series",5,147.92,46.22
West_2019-09.xlsx,36,West,missing order id,,2019-09-04 00:00:00,Second Class,Consumer,San Francisco,California,FUR-TA-10001771,Furniture,Tables,"Bush Cubix Conference Tables, Fully Assembled",8,1478.27,92.39
West_2019-09.xlsx,63,West,date not readable,CA-2019-149559,,Same Day,Home Office,Long Beach,California,OFF-EN-10002312,Office Supplies,Envelopes,#10 Self-Seal White Envelopes,2,22.18,10.87
West_2019-09.xlsx,71,West,date outside the file's month,CA-2019-166898,2019-10-11 00:00:00,Second Class,Corporate,Santa Ana,California,TEC-PH-10002564,Technology,Phones,OtterBox Defender Series Case - Samsung Galaxy S4,6,143.95,17.99
West_2019-09.xlsx,111,West,quantity missing or below 1,CA-2019-143378,2019-09-19 00:00:00,Standard Class,Corporate,Springfield,Oregon,OFF-AR-10001915,Office Supplies,Art,Peel-Off China Markers,0,23.83,6.55
West_2019-09.xlsx,161,West,quantity missing or below 1,CA-2019-147452,2019-09-30 00:00:00,First Class,Corporate,Seattle,Washington,OFF-PA-10004039,Office Supplies,Paper,Xerox 1882,0,167.94,82.29
West_2019-10.xlsx,10,West,date not readable,CA-2019-156951,,Standard Class,Corporate,Seattle,Washington,FUR-CH-10004997,Furniture,Chairs,Hon Every-Day Series Multi-Task Chairs,3,451.15,0
West_2019-10.xlsx,57,West,date not readable,CA-2019-168837,,First Class,Consumer,Oakland,California,FUR-FU-10001918,Furniture,Furnishings,C-Line Cubicle Keepers Polyproplyene Holder With Velcro Backings,2,9.46,3.69
West_2019-11.xlsx,51,West,duplicate of an earlier row,US-2019-155425,2019-11-10 00:00:00,First Class,Corporate,Tucson,Arizona,TEC-MA-10003183,Technology,Machines,DYMO CardScan Personal V9 Business Card Scanner,2,95.99,-64
West_2019-11.xlsx,97,West,duplicate of an earlier row,CA-2019-108091,2019-11-16 00:00:00,Standard Class,Home Office,Escondido,California,OFF-AR-10000255,Office Supplies,Art,Newell 328,4,23.36,6.07
West_2019-12.xlsx,41,West,date outside the file's month,CA-2019-118017,2020-01-03 00:00:00,Second Class,Consumer,Thornton,Colorado,OFF-AR-10003856,Office Supplies,Art,Newell 344,6,13.34,1
West_2019-12.xlsx,108,West,missing order id,,2019-12-16 00:00:00,Second Class,Home Office,Los Angeles,California,OFF-PA-10002986,Office Supplies,Paper,Xerox 1898,2,13.36,6.41
West_2019-12.xlsx,140,West,amount not a number,US-2019-123463,2019-12-23 00:00:00,Same Day,Consumer,San Francisco,California,OFF-AR-10001118,Office Supplies,Art,"Binney & Smith Crayola Metallic Crayons, 16-Color Pack",4,TBC,5.93
